wrld_a8cb7ac9-716a-4c74-8b17-aca507b4d8ab,Rest,Cozy Adrift
wrld_e1eeb644-4965-49e6-aea3-4af3f8839858,Rest,Cubic Star
wrld_4cd2ca79-abf6-414e-b809-d4d476c4b065,Rest,A Fine Line
wrld_49a52af0-ecb1-469a-9e2e-b7217a625c4e,Rest,Luminous Hotel
wrld_38fcaa54-f0b5-4e59-b03b-1614e506483a,Rest,Container
wrld_a729bf90-1220-423a-9630-7e60851e7475,Rest,Rainy Daze
wrld_d29bb0d0-d268-42dc-8365-926f9d485505,Rest,Midnight Rooftop
wrld_faaa0b96-2934-4bd2-bb60-8508edc96b4b,Rest,Cuddle me!
wrld_3561853a-f983-423b-830c-41eecf3dbc4e,Rest,ぷらね邸 - PLANETEI
wrld_d62cd960-b332-441e-b23e-450adb95f77a,Rest,Cliffside
wrld_b7205a92-cd52-4043-bb74-2b5e6933199d,Rest,Capsule031
wrld_c507c9d4-1bc3-4a1b-aac7-d756fcecb23d,Rest,Fog night
wrld_3d335599-c9ea-4954-ae08-f3afc798dbd9,Rest,London
wrld_4bb18e16-b054-4077-882d-02ae27929ea7,Rest,Auroric Retreat
wrld_1c1a1274-c5a5-4e2b-8f70-a7b9ac43033c,Rest,Blue Hallway
wrld_320bff3b-6164-4265-9ff2-d3b1adb1dafb,Rest,Stay gold
wrld_c9430bb8-56e6-48fb-8389-2adf289330a4,Rest,Pandorras Sky Fall
wrld_3ad1211e-4c4f-4280-957a-e73d6a45cc64,Rest,雨見会館 Amemikaikan
wrld_58cb3ef3-531b-4c59-89cb-15ce035cb477,Rest,Slate
wrld_766a157f-ce37-4565-9917-3bc33e487f55,Rest,Midnight Rest
wrld_661c9e83-e1d0-489b-97a5-f415e9361e5d,Rest,City Night
wrld_053da74d-92cb-40e8-a104-19f611d8b11d,Rest,Floating Delight - Legacy
wrld_0f486431-42fe-4e71-a9cd-53b9a482d4cf,Rest,Plantanoid
wrld_1f8c7e7f-0b8d-427d-b288-eaed036374d8,Rest,BAR 泡沫-utakata-
wrld_a612e8ae-ede3-4c26-9ce8-4a23aef65782,Rest,take a bite
wrld_57915bce-a311-4e43-9acb-8cbe5f9882fb,Rest,ヒュリハウス
wrld_fe05cecd-e377-4d15-ac32-27fcb1b34d67,Rest,Breeze
wrld_2fea5f16-6523-4a54-b4d6-80ca87cbc683,Rest,EEPY
wrld_53939e6c-821e-4d45-b56b-5e305cfa8882,Rest,CyberLove | A7 サイバーラブ
wrld_8be86467-e58c-49d6-979c-5631983ba599,Rest,draft
wrld_ed4a3561-4498-4450-96ee-9b711f730586,Rest,Seclusion
wrld_7c521e97-b98a-48b3-b8fc-7c0008cf9caf,Rest,Coffee House Shanghai
wrld_f116cdc9-152e-4879-aa62-70704980249f,Rest,small room
wrld_3cfd1e68-5781-418d-927e-63ce35e2a4d9,Rest,雨夜-Rainy room-
wrld_52d40713-a83b-4c70-88cd-eb282a54c7e2,Rest,rainshelter
wrld_078d3fae-40fe-4a3d-83f3-122185c102aa,Rest,nest
wrld_85af4dd5-7ffc-498d-bd29-60fcbcda16dc,Rest,place to eat cereal
wrld_0ccafa50-b6c4-4240-b220-333470344c34,Rest,雨見るペントハウス ～Japanese-style penthouse under the rain～
wrld_5eaf7d34-cec3-4b8f-85d1-e856174fd7f8,Rest,ミリほーむ
wrld_36117d86-d759-4b9c-962e-eb25c8caebdf,Rest,Sunset Bay
wrld_6ad86fdb-e923-47c7-9f96-a4ee45a23011,Rest,おねんね
wrld_9f2013bc-b262-4cff-b7dd-d720974950ad,Rest,ショートホラーフィルムが見れるワールド
wrld_77dc34f2-667a-4eb4-8fe5-f4fc53536cc4,Rest,Paradise XP
wrld_51ecc9d8-3944-4f9a-9723-7da0acd0fd25,Rest,LUMINARIUM
wrld_79ac2912-d2c1-4ba7-b17e-bf4bd4e46f38,Rest,chill & yt
wrld_c425a7c3-1725-47b7-a73c-269824f3f6a7,Rest,Silence.
wrld_cdabf75d-c9f4-488b-92e5-bf4774fe07e2,Rest,蒼水と紫煙の隠れ家 - Mahjong & ASMR Shisha -
wrld_6c84574c-218b-47c8-aa8b-63e721df3c21,Rest,Fog City
wrld_27aedc5d-7699-436c-9db7-acd34780195d,Rest,星海の夢
wrld_eee60c94-2abc-421f-bdfb-98584186df09,Rest,みなそこのアクアリウム
wrld_b76d801a-09cf-4937-a130-572a65189b40,Rest,Suyasuya Basement
wrld_b82a98c7-9bda-47ea-9029-4b0aa8bb624b,Rest,Coze Isle
wrld_4eee4965-abed-4e99-b070-b2d10b30d84d,Rest,路地裏の隠れ家 - Alley Hiding Spot
wrld_9b6d2f5a-9472-439b-b059-eeb7e55dc5a9,Rest,The 69th FLOOR
wrld_0567010b-6e33-4b9a-9614-c74e2e6102ca,Rest,狐は深海で夢を見るか
wrld_d7681a5a-54a3-4707-902a-1424c9c67002,Rest,Aqua.
wrld_4c0b040d-25e4-417f-aff3-1c3f904ac3fc,Rest,1K Rain Room -For Two-
wrld_188ea3af-760f-4f27-882f-42cfb890fbe2,Rest,世海-Sekai
wrld_c8e79147-1a51-4e13-8bc0-2f67887cd91c,Rest,ほの灯りの涼み部屋
wrld_f93ea4b7-ad1a-4957-982a-6a4ec5c06875,Rest,Where Your Sensei Rests.
wrld_20dadfb8-6f78-4aa2-8b47-13a696a03103,Rest,静けさの今を見つめて
wrld_b8b365a1-74e5-409e-9abb-cf894c02ced1,Rest,Cozy Travel Truck
wrld_afd2182f-7957-4660-8954-49c5fa096a16,Rest,懐郷の秋澄む夜 -NOSTALGIC AUTUMN NIGHT-
wrld_4768d9e8-d345-4d9c-a1fa-1cf49acd7c9a,Rest,終点の住処 Last Station Home Night
wrld_84b742b1-2c9f-451a-9e4f-65d3855aaa50,Rest,everyone is asleep except you
wrld_8eb05afb-0ece-41e6-bcb6-82d994a289ad,Rest,温泉の思い出 Memories of the Onsen
wrld_c4041d96-8f79-4297-9531-6e4431a94212,Rest,Tiny Life Room
